,Problem #,Language,Model Exe Time,KS Distance - All,KS Score - All,KS Exe Time - All,KS Distance - SS,KS Score - SS,KS Exe Time - SS,KL Divergence,KL Exe Time
0,10,pymc_model,3.2462899684906006,0.10965108871459961,0.9999999999097361,0.5246758460998535,0.10105349123477936,0.9999999999097361,0.5011739730834961,0.4973789225503363,0.002456188201904297
1,10,pyro_model,4.033433198928833,0.10965108871459961,0.9999999999217083,0.5163018703460693,0.10466372966766357,1.0,0.4118919372558594,0.5001927799539019,0.0012729167938232422
2,10,stan_model,0.6849710941314697,0.10965108871459961,0.9999999999206222,0.5152633190155029,0.109427809715271,0.9999999999206222,0.5016870498657227,0.5040009337466318,0.0011680126190185547
3,11,pymc_model,2.364784002304077,0.07945865392684937,1.0,0.3978288173675537,0.06078982353210449,1.0,0.3977489471435547,0.4494642916967482,0.001695871353149414
4,11,pyro_model,3.788965940475464,0.07945865392684937,1.0,0.4104349613189697,0.06431938707828522,1.0,0.41045308113098145,0.4587634895808813,0.0013000965118408203
5,11,stan_model,0.20579218864440918,0.07945865392684937,1.0,0.4017031192779541,0.07371631264686584,1.0,0.3838210105895996,0.45454553560833566,0.0012700557708740234
6,12,pymc_model,2.5053720474243164,0.06763997673988342,1.0,0.40813589096069336,0.06034940481185913,1.0,0.34010791778564453,0.3184651831929414,0.0015931129455566406
7,12,pyro_model,4.099475860595703,0.06684327125549316,1.0,0.3558461666107178,0.06065148115158081,1.0,0.249741792678833,0.32024638938168914,0.0011489391326904297
8,12,stan_model,0.2855260372161865,0.06725040078163147,1.0,0.3542170524597168,0.06261825561523438,1.0,0.2917649745941162,0.3173740071959542,0.0011680126190185547
